id,winner_model_a,winner_model_b,winner_tie
136060,0.3333333333333333,0.3333333333333333,0.3333333333333333
211333,0.3333333333333333,0.3333333333333333,0.3333333333333333
1233961,0.3333333333333333,0.3333333333333333,0.3333333333333333
